duljaelani,Abdul Qodir Jaelani
adiniawrst,Adinia Wirasti
achmadzaky,Achmad Zaky
fishgod,Akhadi Wira
ruby_26,Aliya Rajasa
omeshomesh,Ananda Omesh
andreastaulany,Andre Taulany
andreadianbimo,Andrea Dian
hirataandrea,Andrea Hirata
andrimashadi,Andri Mashadi
aniesbaswedan,Anies Baswedan
anisarahma,Anisa Rahma
anissaaziza,Anissa Aziza
anjanidinavdw,Anjani Dina
annisayudhoyono,Annisa Pohan
ari_lasso,Ari Lasso
ariekuntung,Arie Untung
arifmuhammaddd_,Arif Muhammad
armandmaulana04,Armand Maulana
arnoldpo,Arnold Poernomo
audimarissa,Audi Marissa
bepe20,Bambang Pamungkas
bayuoktara,Bayu Oktara
benkasyafani,Ben Kasyafani
brisiajodie96,Brisia Jodie
carissaperusset,Carissa Perusset
carlo_saba,Carlo Saba
chelseaoliviaa,Chelsea Olivia
chicco.jerikho,Chicco Jerikho
chiccokurniawan,Chicco Kurniawan
sitohangchoky,Choky Sitohang
csugiono,Christian Sugiono
citraciki,Citra Kirana
bebytsabina,Cut Beby Tshabina
cynthia_lamusu,Cynthia Lamusu
dahnil_anzar_simanjuntak,Dahnil Anzar
darius_sinathrya,Darius Sinathrya
davidbayudj,David Bayu
dedimulyadi71,Dedi Mulyadi
delladartyan,Della Dartyan
derbyromero,Derby Romero
desyratnasari.officialsukabumi,Desy Ratnasari
devamahenra,Deva Mahenra
devdanendra,Devano Danendra
dewabudjana,Dewa Budjana
dewisandra,Dewi Sandra
virzhaofficial,Muhammad Devirzha
diajenglestari,Diajeng Lestari
didiriyadi_official,Didi Riyadi
didietmaulana,Didiet Maulana
dimasseto_1,Dimas Seto
dodit_mul,Dodit Mulyanto
dagnesia,Donna Agnesia
dwisasono,Dwi Sasono
edhozell,Edho Zell
ennolerian_,Enno Lerian
eno_bening,Eno Bening
duniamanji,Erdian Aji
erickthohir,Erick Thohir
fadlizon,Fadli Zon
fahrihamzah,Fahri Hamzah
farahquinnofficial,Farah Quinn
febbyrastanty,Febby Rastanti
felicyangelista,Felicya Angelista
gadiiing,Gading Marten
ganjar_pranowo,Ganjar Pranowo
garin_fim,Garin Nugroho
nurmantyo_gatot,Gatot Nurmantyo
ghina,Ghina Alwi
gilangdirga,Gilang Dirga
glennalinskie,Glenn Alinskie
glennfredly309,Glenn Fredly
hamisdw,Hamish Daud
hanifdhakiri,Hanif Dhakiri
hanindhiyaatys,Hanin Dhiya
hanungbramantyo,Hanung Bramantyo
dokterkoko,Harun
hedi_yunus,Hedi Yunus
hengkykurniawan,Hengky Kurniawan
baimguitar,Ibrahim Imran
musmustika,Ika Putri
mariakaputri,Ika Putri
ikangfawzi,Ikang Fawzi
iko.uwais,Iko Uwais
indraherlambang,Indra Herlambang
indrabruggman,Indra Lesmana
indrowarkop_asli,Indro Warkop
irfanhakim75,Irfan Hakim
_irishbella_,Irish Bella
irwansyah,Irwansyah
ivan_gunawan,Ivan Gunawan
jefrinichols,Jefri Nichols
tetijeremy,Jeremy Teti
inijedar,Jessica Iskandar
joe_taslim,Joe Taslim
jokoanwar,Joko Anwar
ijonkfrizzy,Jonathan Frizzy
jojosuherman,Joshua Suherman
jud1ka,Judika Sitohang
junarorimpandeyofficial,Juna Rorimpandey
jusufkalla,Jusuf Kalla
kaesangp,Kaesang Pangarep
kevinaprilio,Kevin Aprilio
kevin_sanjaya,Kevin Sanjaya
lukmansrd,Lukman Sardi
lutob,Lulu Tobing
lunamaya,Luna Maya
mohmahfudmd,Mahfud MD
maiaestiantyreal,Maia Estianty
marcellsiahaans,Marcell Siahaan
lalamarionmj,Marion Jola
megaiskanti ,Mega Iskanti
melly_goeslaw,Melly goeslaw
milesfilms,Mira Lesmana
nagitaslavinaa1717,Nagita Slavina
nasyamarcella,Nasya Marcella
natashawilona12,Natasha Wilona
na_nurularifin,Nurul Arifin
oks_antara,Oka Antara
okisetianadewi,Oki Setiana Dewi
oncemekelofficial,Once Mekel
pandji.pragiwaksono,Pandji Pragiwaksono
prillylatuconsina96,Prilly Latuconsina
puanmaharani,Puan Maharani
_putriayudya,Putri Ayudya
putriuna,Putri Una
rachelvennya,Rachel Vennya
raditya_dika,Raditya Dika
si.rano,Rano Karno
raullemos06,Raul Lemos
raysahetapy,Ray Sahetapy
rayiputra26,Rayi Putra
richo_kyle,Richard Kyle
ridwankamil,Ridwan Kamil
riekediahp,Rieke Diah Pitaloka
ringgoagus,Ringgo Agus
rinni_w,Rinni Wulandari
rinrinmarinka,Rinrin Marinka
rizariri,Riri Riza
rizkyfbian,Rizky Febian
kinosnoski,Rizky Kinos
robbypurba,Robby Purba
rocky.gerung,Rocky Gerung
rocknal,Ronal Surapradja
ruben.onsu,Ruben Onsu
tail_wagging,Ryan Delon
sahrulgunawanofficial,Sahrul Gunawan
salshabillaadr,Salshabilla Adriani
sandradewi88,Sandra Dewi
sarsehshoku,Sarah Sechan
sarwendah29,Sarwendah Tan
shareefadaanish,Shareefa Daanish
mrssharena,Sharena Delon
shireensungkar,Shireen Sungkar
solehsolihun,Soleh Solihun
stephaniepoetri,Stephanie Poetri
stephaniewose,Stephanie Rose P
suryasahetapy,Surya Sahetapy
suryasaputra507,Surya Saputra
susipudjiastuti115,Susi Pudjiastuti
syifahadjureal,Syifa Hadju
tantowiyahyaofficial,Tantowi Yahya
taufikhidayatofficial,Taufik Hidayat
teukuwisnu,Teuku Wisnu
tiarapangestika,Tiara Pangestika
botikapanggabean,Tika Panggabean
titantyra,Titan Tyra
titi_kamall,Titi Kamal
tontowiahmad,Tontowi Ahmad
t_orasudi_ro,Tora Sudiro
tri.rismaharini,Tri Rismaharini
triawanmunaf,Triawan Munaf
king_uyakuya,Uya Kuya
verdisolaiman,Verdi Solaiman
vidialdiano,Vidi Aldiano
vincentraditya,Vincent Raditya
widimulia,Widi Mulia
yusrilihzamhd,Yusril Ihza Mahendra
zaskiaadyamecca,Zaskia Adya Mecca
zaskiasungkar15,Zaskia Sungkar
zulfamaharani,Zulfa Maharani
