full_name,instagram_username
Aaliyah Massaid,aaliyah.massaid
Abdul Latief,latief_assegaf
Abdullah Gymnastiar,aagym
Abdul Qodir Jaelani,duljaelani
Abdur Arsyad,abdurarsyad
Abimana Aryasatya,abimana_arya
Aburizal Bakrie,aburizalbakrie.id
Acha Septriasa,septriasaacha
Acha Sinaga,achasinaga
Achmad Megantara,megantaraaa
Addie MS,addiems999
Adam Jordan,jordangigilofficial
Ade Firman Hakim,adefirmanhakim
Aderaprabu Lantip Trengginas,p/BwCIUSgHk7P
Adhisty Zara JKT 48,jkt48.zara
Adi Nugroho,donitabhubiy
Adinda Azani,dindazani
Adipati Dolken,adipati
Aditya Herpavi,explore/tags/adityaherpavi
Adjie Pangestu,adjiepangestu
Adly Fairuz,adlyfairuz
Adyla Rafa Naura Ayu,aku_naura
Afghansyah Reza,afgansyah.reza
Aga Dirgantara,agadirgantara_
Agatha Pricilla,agthpricilla
Agnes Monica,agnezmo
Agus Yudhoyono,agusyudhoyono
Agung Hapsah,agunghapsah
Agung Hercules,agunghercules88
Ahmad Affandy,fandyruby
Ahmad Al Ghazali K,alghazali7
Ahmad Albar,aialbar
Ahmad Jalaluddin Rumi,elelrumi
Akhadi Wira,p/BtyjM50FdYI
Aldi Taher,alditaher.official
Alex Abbad,alexabbad
Aldi Bragi,ririndwiariyanti
Aldy Maldini,aldymldni
Alexandra Gottardo,p/Bv_JknJgQDN
Alfiansyah (Komeng),alfiansyah_komeng
Aliando Syarief,aliandooo
Ali Syakieb,alisyakieb
Alyssa Daguise,alyssadaguise
Alyssa Soebandono,ichasoebandono
Amanda Manopo,amandamanopo
Amanda Rawles,amandarawles
Aming Supriatna,explore/tags/aming
Ananda Omesh,omeshomesh
Anang Hermansyah,ananghijau
Andika Mahesa,babang_andikamahesa
Andhika Pratama,andhiiikapratama
Andi Soraya,andisorayabeatrix
Adinda Thomas,adindathomas
Andini Aisyah,andienaisyah
Andovi da Lopez,andovidalopez
Andra Matin,andramatin
Andre Taulany,andreastaulany
Andrea Hirata,hirataandrea
Andrew White,andrew.white._
Andy F. Noya,p/Bb1G8NEnR_V
Andy Irfan,andy7402
Angela Lee,angelalee87
Angel Karamoy,realangelkaramoy
Angel Lelga,angellelga
Angelina Sondakh,Not Found
Anggun Sasmi,anggun_cipta
Angie Yulia,angie_virgin
Ani Yudhoyono,Not Found
Anies Baswedan,aniesbaswedan
Anindyo Baskoro,ninokayam
Anisa Bahar,explore/tags/anisabahar
Anjana Demira,anjanademira
Annisa Trihapsari,Not Found
Anya Geraldine,anyageraldine
Arafah Rianti,arafahrianti
Ari Lasso,ari_lasso
Ari Sihasale,alenia259/p/BCdJFbjRLvT
Ari Wibowo,ariwibowo_official
Arie Wibowo,ariwibowo_official
Arie Untung,ariekuntung
Arie Dwi Andhika,arie10andika
Ariel Peterpan/Nazril Ilham,ariel_inst
Ariel Tatum,arieltatum
Arifin Putra,arifinputra_
Ario Wahab,p/BcTSbY1luYC
Armand Maulana,armandmaulana04
Arumi Bachsin,arumi_arumi_94
Amien Rais,amienraisofficial
Ashanty Siddik Hasnoputro,p/BiZU299heGh
Ashilla Zee,ashzahrantiara
Asri Welas,asri_welas
Astrid Khairunisha,astridkuya
Astono Handoko,astaandoko
Astrid Tiar,astridtiar127
Atalarik Syah,explore/tags/atalariksyah
Atiqah Hasiholan,atiqahhasiholan
Aurelie Moeremans,aurelie
Aulia Wirizqi,zakiyol_
Ayudia Bing Slamet,ayudiac
Ario Bayu,bayu_ario
Arnold Poernomo,arnoldpo
Aron Ashab,aronashab
Ayushita,ayushita
Ayu Dewi,mrsayudewi
Ayu Hastari,ayuhastari
Ayu Puspa,ayupuspaofficial_15
Ayu Rosmalia (Ayu TingTing),ayutingting92
Andriani Marshanda,marshanda99
Aming Sugandhi,explore/tags/aming
Agustina Hermanto,p/BRVLBIwB6c9
Ahmad Firdaus,ahmadfirdauss
Asmirandah Zantman,asmirandah89
Adinda Rizki Aprilia Azani,dindazani
Arbani Yasiz,arbaniyasiz
Adithya Alkatiri,p/Bcl0e3vBWLT
Andrew Andika,andrewandika
anjasmara Prasetya,anjasmara
Arief Muhammad,ariefmuhammad
Aziz Hayat,jaz_hayat
Adzana Bing Slamet,adzanabs
Aghnia Punjabi,aghniapunjabi
Alvin Faiz,alvin_411
Ammar Zoni,ammarzoni
Amora Lemos,Not Found
Amy Qanita,explore/tags/amyqanita
Angga Aldi Yunanda,anggayunandareal16
Annisa Aziza,anissaaziza
Adi Bing Slamet,adzanabs
Ashry Rizqky Rabbani,ashryrrabani
Anisa Rahma,anisarahma_12
Aura Kasih,aurakasih
Audi Marissa,audimarissa
Augie Fantinus,augiefantinus
Ayana Jihye Moon,xolovelyayana
Ayu Azhari,ayukhadijahazhari
Azriel Hermansyah,azriel_hermansyah
Anthony Sinisuka Ginting,sinisukanthony
Aura Nabilla Izzathi,shaura.nabilla
Alexa Key,alexa_key
Azalia Bianda,Not Found
Ali Akbar,aliakbarpr
Akbar Tandjung,akbartandjung
Ardiansyah Bakrie,ardibakrie
Andrea Dian,andreadianbimo
Andi Mutiara Pertiwi Basro,p/BoGGqFklHeh
Andry Budhiarsa,Not Found
Aubry Beer,aubrybeer
Agla Artalidia,aglaartalidia
Alex Lalisang,alexzulfikarlalisang
Aliff Alli ,aliff_alli
Adian Napitupulu,explore/tags/adiannapitupulu
Arief Pouyono,Not Found
Airlangga Hartarto,airlanggahartarto
Arcandra Tahar,arcandra.tahar
Ayu Gani,ganegani
Andre Rosiade,andre_rosiade
Ayana Shahab,jkt48achan
Ashira Zamitha,ashirazamita
Alya Zurayya,alyaanz
Ali Mochtar,p/BvvTdu9FQrq
Ana Octarina,anaoctarina
Alika Islamadina,alikaislamadina
Agus Gumiwang,jokowi/p/Bm3MSANgb-8
Anis Matta,anismatta_
Asman Abnur,asmanabnur
Amran Sulaiman,p/BK1pSDQjjzS
Ardina Rasti,ardinarasti6
Amel Carla,amelcarla
Andrea Turk,p/BwCK-y4FDdV
Andmesh Kamaleng,andmeshkamaleng_
Ari Irham,ariirhamm
Aqia Nurfadla,aqianr
Aisyah Aqilah,aisyahaqilahh
Athalla Naufal,athallanaufal7
Ashira Zamita,ashirazamita
Arash Buana,arash__buana
Almeyda Nayara,nayaslime18
Azka Cobuzier,azkacorbuzier
Abilhaq Karil,abilhaqreychyta
A ngelica Simperler,all_angelica
Aryani Fitriana,aryanifitriana24
Agni Pratistha,agnipratistha
Ajeng Kartika,ajengkartika
Alice Norin,alicenorin
Aline Adita,aline_adita
Alisia Rininta,alisiarininta22
Aliyah Faizah,aliyah.faizah
Alya Rohali,arohali
Amanda Rigby,amandarigby6
Andania Suri,andsur18
Andhara Early,andharaearly
Abndrea Dian,andreadianbimo
Angel Pieters,angelpieters
Anggika Bolsterli,anggikabolsterli
Anizabella Lesmana,p/BDw8a1JLX47
Anjani Dina,anjaniers
Anneke Jodi,p/BEe-MIrC8yL
Annisa Rawles,annisarawles
Annisa Rawles,Not Found
Andri Mashadi,andrimashadi
Abiel Atan,abielatan
Artika Sari Devi,artikasaridevi
Arzetti Bilbina,Not Found
Asmara Abigail,asmaraabigail
Asti Ananta,astiannt_
Astri Nurdin,endtri2692
Aulia Sarah,owliasarah
Aty Fathiyah,explore/tags/fathiyah
Aulia Ribero,Not Found
Auxilia Paramitha,auxiparamitha
Asha Shara,Not Found
Ayu Pratiwi,ayupratiwi
Angela Gielsha,angelagilsha
Alessia Cestaro,alessia89cestaro
Andhika Wira,skinnyfabs
Abel Cantika,abellyc
Alya Dimitri,ayladimitri
Angga Dwimas Sasongko,anggasasongko
Anggy Umbara,p/BT9FrOEjDNQ
Angga Candra,anggacandraaa
Adinia Wirasti,adiniawrst
Alex Komang,alex_komang
Anwar Fuadi,afuadi
Ayya Renita,ayyarenita93
Alifah Ratu Saelynda,alifahratu
Analisa Widyaningrum,analisa.widyaningrum
Adrian Ishak,andrianishak
Ade Herlina,adeherlinalov
Aliya Rajasa,ruby_26
Ahmad Zaky,achmadzaky
Ario Anindito,p/BdxMmgxF3Fj
Andrew Darwis,adarwis
Anton Wirjono,antonwirjono
Adrian Maulana,adrianmaulana
Ario Pratomo,sheggario
Angie Ang,nonangie
Ardhito Pramono,ardhitopramono
Alexandra Asmasoebrata,Not Found
Andrian Ishak,andrianishak
Annisa Pohan,annisayudhoyono
Achmad Megantara,megantaraaa
Andra Alodita,alodita
Atta Halilintar,attahalilintar
Arif Muhammad (Mak Beti),arifmuhammaddd_
Azaria Bianda Avissa,azaliabiandaavissa
Angela Tee,anqela.tee
Annette Edoarda,annetteedoarda
Arnold Leonard,explore/tags/arnoldleonard
Agatha Suci,agatha_suci
Aurelia Carisa Lestari,Not Found
Arsy Utungga Widianto,arsywidianto
Arya Vasco,explore/tags/aryavasco
Anissa Aziza,anissaaziza
Andriani Toegiono,dorippu
Alwi Sami,alwisami
Angel Lisandi Putri,angellptr
Ajil Ditto,ajil_ditto08
Audrey Singgih,AudreySinggih
Alzi Markers,alzimarkers
Ajeng Fauziah,ajengfazhh_
Alin Fauziah,explore/tags/alinfauziah
Annet Delliecia Nasution,anneth.dlc
Ahmad Abdul,ahmadabdmusic
Apriani rahayu,aprianirahayu_squad
Ayu Putri Sundari,ayuenstar
Agatha Chelsea,agatha_chelsea
Atik Riwayati ( Mpok Atik),atik_mpok
Alif Rizky,alif.rizq
Alya Nurshabrina,alya.nurshabrina
B.J. Habibie,explore/tags/bjhabibie
Babe Cabita,p/5x9dacIDzt
Baim Wong,baimwong
Bambang Reguna,jatengtodaycom/p/BrFg-7hnRR3
Barbie Kumalasari,barbiekumalasari
Barry Prima,realbarryprima
Bayu Oktara,bayuoktara
Bayu Skak,moektito
Bebi Tsabina,bebytsabina
Bedu Tohar,p/BgF7f_tBow9
Bella Saphira,bellasaphiraofficial
Bella Shofie,bellashofie_rigan
Ben Joshua,benjoshua_r
Ben Kasyafani,benkasyafani
Bianca Jodie Maurinne,brisiajodie96
Bianca Liza,bibiancaliza
Billy Syahputra,bilsky16
Bio One,bojvoyej
Bondan Prakoso,_bondanprakoso_
Boris Bokir,p/ByATvVuF7IO
Boy Hamzah,explore/tags/boyhamzah
Boy Wiliam,boywilliam17
Brandon Salim,brandonsalim
Bryan Domani,bryandomani_bd_
Bunga Citra Lestari,bclsinclair
Basuki Tjahaja Purnama,basukibtp
Barli Asmara,barliasmara
Bentang Ababil (Beno Ababil),Not Found
Bastian Bintang,bastiansteel
Bisma Karisma,sibisma
Bunga Zainal,bungazainal05
Bella Attamimi,bellattamimi
Bambang Pamungkas,bepe20
Biby Alraen,bibyalraen13
Betrand Antolin,bertrand1407
Budi Gunawan ,p/_jf60Whw97
Bobby Andreas Ida,bobbyida/p/BAM_5Drr8Ta
Billy Davidson,billydavidson_
Basuki Hadimuljono,p/BbyYcaIAcAf
Bambang Brodjonegoro,bambangbrodjonegoro
Bambang Hartono,p/Bm-BMn0gdmz
Budiman Sudjatmiko,budimansudjatmiko
Budi Karya,budikaryas
Bilqis Khumairah Razak,bilqis.khumairah.razak
Billy Joe Ava,billyjoeava
Bintan Radhita,bintanradhita
Baila Fauri,bailafauri
Bersena Besthandi,barsenabest
Baby Margareta,babymargaretha1
Belinda Camesi,p/9lilaowXZu
Bella Graceva,bellagap
Brigitta Cynthia,gigigitch
Brianna Simorangkir,simorangkir.brianna
Bobby Maulana,bobytahir
Bima Arya,bimaaryasugiarto
Brian Imanuel,brianimanuel
Bill Satya,billsatya
Boediono,explore/tags/boediono
Bong Chandra,bongchandra
Bondan Winarno,maknyusbw
Brisia Jodie,brisiajodie96
Beniqno,explore/tags/beniqno
Benyamin S,explore/locations/706181392
Broery Marantika,p/BkaVVchlB94
Boby Tince,boby_tince/p/Bk8FOn8lZr-
Bella Sophie,Not Found
Bryan Andrew,bryanandrew.official
Baskara Mahendra,baskaramahendra
Caitlin Halderman,caitlinhalderman
Cakra Konta P,p/BpLQ0cOlwwD
Cantika Abigail Santoso,abigailcantika
Carissa Putri,carissa_puteri
Carlo Saba,p/7-CHAMrpW_
Catherine Wilson,cathrinewilson
Cecep Reza,Not Found
Cecile Evangelista,cecile.evangelista
Chacha Frederica,chafrederica
Chand Kelvin,chand_kelvin
Chandra Liow,chandraliow
Chelsea Islan,chelseaislan
Chelsea Olivia,chelseaoliviaa
Chicco Jerikho,chicco.jerikho
Chicco Kurniawan,chiccokurniawan
Choky Sitohang,sitohangchoky
Cholidi Asadil,mcholidi89
Chrismansyah Rahadi,p/7b_YVIQDIr
Christ Laurent,christlaurent
Christian Loho,chrisloho
Christie Jusung,christyjusung
Christina Lie,christinaliesiujuek
Christoffer Nelwan,christoffernelwan
Cynthia Lamusu,kitabisacom/p/BbBuf9-BfRA
Ciccio Manassero,ciomanassero
Cinta Penelope,explore/tags/cintapenelope
Cinta Rahmania Putri,cintakuya
Cita Citata,cita_citata
Citra Skolastika,citrascholastika
Christian Sugiono,csugiono
Chika Jessica,chikajessica88
Clairine Christabel,clairineclay
Clairine Hayes,clahayes
Claudia Anissa,Not Found
Cornelia Agatha,cornelovers
Cut Meyriska,cutratumeyriska
Cut Tari,cuttaryofficial
Chrismanto Eka Prastio,Not Found
Cut Keke,cutkeke_xavier
Cassandra Sheryl Lee,cassandraslee
Celine Evangelista,celine_evangelista
Chris John,chrisjohnindonesia
Cut Syifa,explore/tags/cutsyifa
Citra Kirana,citraciki
Cynthia Ramlan,cynthiaramlan
Caesar gunawan,caesargunawan
Clara Sutantio,claraspizzza
Christie Julia,christiejulia
Cikallia,cikalliaaa
Chea Nuh,cheanuh
Citra Lubis,citra_lubis
Carissa Perusset,carissaperusset
Chantiq Schagerl,chantiqsg
Chrissie Vanessa,heyitschrissie
Cleopatra Djapri,ratucleopatra20
Cut Memey,cutmemey
Cut Mini,p/BgqTQ45n9It
Clara Bernadeth,clarabernadeth
Cheryl Raissa,cherylraissa
Cinta Rumana Amelz,cintaruhamaamelz
Cinta Laura Kiehl,claurakiehl
Cikitha Meidy,chikitameidy
Cecep Arif Rahman,ceceparifrahman
Christine Hakim,explore/tags/christinehakim
Cathy Natafitria Fakandi,cathyfakandi
Cut Beby Tshabina,bebytsabina
Clarissa Putri ,clarissaputri_
Chintami Atmanegara,Not Found
Chintya Sari,chintyasari.msi
Caca Handika,handikacaca367
Camelia Malik,cameliamalik234
Chyntiara Alona,p/BkavKPRF5PA
Caca Tengker,cacatengker
Dahlan Iskan,dahlaniskan19
Dahlia Poland,dahliachr
Dallas Pratama,dalprats
Danilla Riyadi,danillariyadi
Daniel Mananta,vjdaniel
Daniel Topan,topandaniel45
Darius Sinathrya,darius_sinathrya
Deddy Corbuzier,mastercorbuzier
Delon Thamrin / Stanislaus,p/BkYuAgXnQWX
Dena Rachman,denarachman
Denny Sumargo,sumargodenny
Denny Wahyudi,_dennywyd
Desta,desta80s
Deddy Mizwar,deddy_mizwar
Demian Aditya,_demianaditya_
Derby Romero,derbyromero
Desy Ratnasari,desyratnasarifans
Deva Mahendra,devamahenra
Devina Aureel,devinaureel
Devano Danendra,devdanendra
Dewi Gita,Not Found
Devi Kinal Putri,kinalputridevi
Dewi Lestari / Dee Lestari,deelestari
Dewi Persik,dewiperssikreal
Dewi Rezer,rezerdewi
Dewi Sandra,dewisandra
Dewi Yull,dewiyullofficial
Dhani Ahmad Prasetyo,ahmaddhaniprast
Dhini Aminarti,dhiniaminarti
Di Muhammad Devirzha,virzhaofficial
Dian Ayu Lestari,dianayulestari
Dian Sastrowardoyo,therealdisastr
Didi Mahardika,Not Found
Didi Riyadi,didiriyadi_official/tagged
Dion Wiyoko,dionwiyoko
Dikta Wicaksono,dikta
Dimas Anggara,dimsanggara
Dimas Beck,dimasbeck
Dimas Danang,dananggoldluck
Dimas Seto,dimasseto_1
Dinda Kirana,dindakirana.s
Dini Aminarti,dhiniaminarti
Dita Sumargo,Not Found
Dude Harlino,dude2harlino
Dodit Mulyanto,dodit_mul
Donna Harun,explore/tags/donnaharun
Donita,donitabhubiy
Dorce Gamalama,dg_kcp
Derby Romero,derbyromero
Dwi Andhika,dwiandhika3486
Dwi Sasono,dwisasono
Dedi Gumelar,dedygumelar
Denira Wiraguna,denirawiraguna
Dwi Handayani Syah Putri,dwihandaanda
Dia Sekala Bumi,ayudiac
Dian Pelangi,dianpelangi
Dinda Kanya Dewi,dindakanyaa
David Nurbianto,david_nurbianto
Dodit Mulyanto ,dodit_mul
Dinda Kirana,dindakirana.s
Dzawin Nur Ikram,dzawin_nur
Darmin Nasution,p/BeUT34JnFBu
Danita Vinarosa,danitasigarlaki
Dhea Annisa (Dea imut),deaaannisa
Dewi Irawan,dewiirawan13
Dicky Maulana Prasetya,Not Found
Diah Permatasari,diahpermatasari_d_p_s
Dellie Threesyadinda,delliedinda
Deswita Maharani,deswitamaharani80
Dr.Boyke,drboykediannugraha
Djuhri Masdjan (Jojon),p/BqSZPP5nNFM
Dylan Carr,dylancarr8
Dita Fakhrana Utami,fakhranaa_official
Dandy Hendstyo,dandyhendstyo
Dinesia,explore/tags/dinesia/top
Daemita Argoebie,damitaargoebie
Davina Veronica,davinaveronica
Della Dartyan,delladartyan
Dhea Seto,dheaseto
Dinda Hauw,dindahw
Dominique Diyose,dominiquediyose
Donna Agnesia,dagnesia
Desi Florita,florita.desi
Denny Chandra,dennych
Diana Rikasari,dianarikasari
Dhana Xaviera,dhanaxaviera
Dira Sugandi,dirasugandi
Dipha Barus,diphabarus
Daus Separo,daus_separo
Djenar Maesa Ayu,djenarmaesaayu
Dimas Djayadiningrat,p/BqW3QZdnzT7
Deny Mulyadi (Ohang),Not Found
Dennis Adhiswara,dennisadishwara
Didi Petet,explore/tags/didipetet
Delania Marvella,delaniamarvella
Djauhari Oratmangun,djauharioratmangun
David Bayu,davidbayudj
Dave Hendrik,davehendrik
Diajeng Lestari,diajenglestari
Dedi Mulyadi,dedimulyadi71
Dahnil Anzar,dahnil_anzar_simanjuntak
Dea Dalila,p/BDS_qzvLevh
Dayu Dara Permata,dayudara
Darwis Triadi,darwis_triadi
Donny Damara,donnydamara68
Denny Darko,_dennydarko_
Didiet Maulana,didietmaulana
Daniel Wenas,danielwenas
Dave Jephcott,p/BRLX8f3jPQH
Debo Andryos Aryanto,deboys13
Debi Sagita,debisagita
Delia Septianti,ds_deliaseptianti
Danang Pradana Dieva,da2_danang
Dara Rizky,darathevirgin
Dewa Budjana,dewabudjana
Dewi Sanca,dewisancaratular
Dian Nitami,bu_deedee
Dhawiya Zaida,Not Found
Dian Pramana Putra,Not Found
Didi Kempot,explore/tags/didikempot
Dodi Hidayatullah,dodihidayatullah
Deddy Dores,explore/tags/deddydores
Deven Christiandi Putra,devennatic_surabaya
Dirly dave Sompie,p/BlZk1mugYOJ
Duma Riris,duma_riris
Eddy Soepono,Not Found
Edho Pratama,edhozell
Edo Borne,Not Found
Eko Patrio,ekopatriosuper
Elichon Christellgo (igo pentury) ,Not Found
Ence Bagus,encebagus_
Endy Arfian,endyarfian22
Entis Sutisna ,sutisna_e
Enzy Historia,enzystoria
Erdian Aji (Anji),duniamanji
Edric Tjandra,edrictjandra
Edward Akbar,edward_akbar
Edi John,jguaido
Ersya Aurelia,ersyaurel
Erick Thohir,erickthohir
Ericko Lim,ericko_lim
Eriska Rein,eriskarein
Ernest Prakasa,ernestprakasa
Ersa Mayori,ersamayori
Ervan Naro,ervan.naro
Ery Makmur,p/Bloyrf4l7_h
Esa Sigit,esasigit
Evie Effendi,Not Found
Erwin Gutawa,eg.erwingutawa
Elly Sugigi,Not Found
Eva Celia,evacelia
Evan Sanders,iam.evansanders
Evelyn Anjani,evelinnadaanjani
Elma Agustin,elmaaa_e
Eko Putro Sandjojo,ekoputrosandjojo
Enggartiasto Lukita,enggartiastolukita
Eno Bening,eno_bening
Eza Gionino,ezagio
Ephy Sekuriti,p/BaYOaWGBUXe
Egy Maulana Vikri,egymaulanavikri
Emil Dardak ,emildardak
Edho Zell,edhozell
Eka Gustiwana,ekagustiwana
Ebiet G. Ade,explore/tags/ebietgade
Elma Theana,elmatheana
Eros Djarot,nova.suryani8210
Edi Brokoli,brokoli_edi
Elga Elaskia,elgaelaskia
Eka Nusa Pertiwi,ekanusapertiwi1990
Elvy Sukaesih,elvy_sukaesih
Estelle Linden,estelleelinden
Elyzia Muchalela,elyziamulachela
Eugenie Patricia,Not Found
Edy Rahmayadi,edy_rahmayadi
Enno Lerian,ennolerian_
Eza Yayang,ezayayang
Erwin Gutawa,eg.erwingutawa
Erie Suzan,eriesuzan
Elly Kasim,ellykasim.ek
Eddy Silitonga,p/Bpq8n_KHFvR
Enda (ungu),mr_enda_ungu
Evi Masamba,evi_masamba_real
Faby Marcelia,fabymarcelia
Fachri Albar,aialbar
Fachri Muhammad,fachrimuhammad18
Fadli Zon,Not Found
Fairuz A Rafiq,fairuzarafiq
Fandy Christian,fandych
Farah Quinn,farahquinnofficial
Fathia Izzati,kittendust
Fatin Shidqia,fatin30
Febby Febiola,febyfebiola_
Febby Rastanti,febbyrastanty
Fedi Nuril,fedinuril
Felix Siauw,felixsiauw
Feni Rose,fenirose
Fenita Arie,fenitarie
Fitri Tropica,fitrop
Fevi Hermawan,p/6z53pDG74b
Filo Sebastian ,p/BjAA32DgyNJ
Felicya Angelista,felicyangelista_
Fitri Aulia,fitriaulia_
Fajar Alfian,fajaralfian95
Fanny Ghassani,fannyghassani
Ferdinand Hutahaean,Not Found
Fanny Fabriana,fannyfabriana
Faldo Maldini,faldomaldini
Fanny Fadillah,fanny_fadillah06
Fathir Muchtar,fathir79
Fera Feriska,fathir79
Fauzi Baadila,Not Found
Fendy Chow,fendychow
Ferly Putra,ferlyputra168
Fero Walandouw,fero_walandouw
Ferry Irawan,ferryirawan29
Frans Nicholas,frans.nicholas
Fiersa Besari,fiersabesari
Feby Putri,fbyputrinc
Fahri Ilyas,ilyas.fahri
Fahri Hamzah,fahrihamzah
Fathi Nurimaniah,fathinrm
Fariz RM,explore/tags/farizrm/top
Fitri Ayu,fitriayuu
Fitrie Rachmadina,Not Found
Fahrani,favelamunk
Fay Nabila,faynabilalxndr
Fenita Jayanti,fenitarie
Firrina Sinatrya,aquilafirrina
Fifie Buntaran,p/BnHJ2qrhn9P
Furry Citra,furrycitra
Ferry Salim,explore/tags/ferrysalim
Fita Anggriani Ilham,fitaanggriani
Fadil Jaidi,fadiljaidi
Fatih Unru,fatihunru
Fauzan Nasrul,fauzan_nasrul
Fakhrul Razi,fakhrulllraziii
Farhat Abbas,Not Found
Feby Febiola,febyfebiola_
Firman Siagian,siagianfirman
Fitri Carlina,fitricarlina
Fauzan Mujahid,p/BdrFMBJj6w4
Gading Marten,gadiiing
Galih Ginanjar,galihginanjar
Gamaliel Krisatya Tapiheru,gamal1990
Garneta Haruni,garnetaharuni
Gary Iskak,richaiskak
Genrifinadi Pamungkas,gepamungkas
Georgita Audrey Helena,Not Found
Ghea Indrawari ,gheaindrawari
Gilang Dirga,gilangdirga
Gilbert Marciano,gilbertmarciano
Gisela Cindy,giselacindy12
Gisella Anastasia,gisel_la
Gista Putri,gistaputri
Gita Gutawa,gitagut
Glenn Alinskie,glennalinskie
Glenn Fredly,glennfredly309
Giring Ganesha,giring
Gracia Indri,graciaz14
Gempita Noura Marten,baby.gempiiita
Gita Savitri Devi,gitasav
Ghaida Tsurayya,gdaghaida
Greysia Polii,greyspolii
Gunawan Sudrajat,gunawan_sudrajat_real
Gatot Nurmantyo,nurmantyo_gatot
Ganindra Bimo,ganindrabimo
Grace Natalie,gracenat
Gamal Albinsaid,gamalalbinsaid
Ganjar Pranowo,ganjar_pranowo
Ginatri S Noer,ginasnoer
Griffiths Anna Gilbert,Not Found
Gandhi Fernando,gandhifernando
Gaizzka Metsu,gaizzkametsu
Giorgino Abraham,giorgino_abraham
Gebi Ramadhan,gebi_ramadhan
Garin Nugroho,garin_film
Gugun Gondrong,Not Found
Gita Wirjawan,gwirjawan
Gita Bhebhita,gita_bhebhita
Gege Elisa,gegeelisa94
Gesya Shandy,p/BeWoHfQF4GB
Girindra Kara,girindrakara
Gesata Stella,gesatastella
Gritte Agatha,gritteagathaa
Ghina Alwi,ghina
Gallendra,chawrelia/p/BRCSE5Vh1r9
Gibran Rakabuming Raka,kaesangp
Gus Azmi,official.azmi.askandar
Guntur Bumi,gunturbumi33
Gita Sinaga,gitasinaga
Glenn Samuel,gleneration_solo
Gogo Sinanjuntak,gogo.simanjuntak
Hamas Syahid,hamas.syahid
Hamish Daud,hamishdw
Hana Saraswati,hanahaho
Hanan Attaki,hanan_attaki
Handi Morgan Winata,hmorganwinata
Haneen Akira,haneenakira
Hanggini P Retto,hanggini
Hanin Dhiya,hanindhiyaatys
Happy Salma,happysalma
Harun,harun.memmedov.1
Hedi Yunus,hedi_yunus
Helmi Yahya,helmyyahya
Hengky Kurniawan,hengkykurniawan
Herjunot Ali,herjunotali.studio
Hesti Purwadinata,hestipurwadinata
Hotman Paris,hotmanparisofficial
Hujwiriawan Ewing,ewing_hd
Haruka Nakagawa,haruuuu_chan
Hamidah Rachmayanti,hamidahrachmayanti
Hendra Setiawan,hendrasansan
Hatta Rajasa,rasyidrajasa
Hidayat Nur Wahid,hnwahid
Hanif Dhakiri,hanifdhakiri
Hary Tanoesodibjo,hary.tanoesoedibjo
Henry Baskoro Hendarso (enji),Not Found
Hanif Andarevi,hanifadrv
Hasto Kristiyanto,p/BhbkcVmAvBS
Haykal Kamil,haykalkamil
Hanung Bramantyo,hanungbramantyo
Herfiza Novianti,herfiza
Hannah Alrasyid,p/BjrllzPBBJi
Hengky Solaiman,opahenky
Hana Prinantina,hanamalasan
Harris Illano Vriza,Not Found
Harris Illano Vriza,harrisvriza
Helmalia Putri,akuhelmalia
Hardi Fadhillah,hardifadhillah_sapimonster
Haviza Devi,Not Found
Haddad Alwi,explore/tags/haddadalwi
Hana Saraswati,hanahaho
Handika Pratama,handikapratama20
Helena Andrian,Not Found
Hengky Tornando,tornandohengky
I Nyoman Nuarta,nyoman_nuarta
Ian Kasela,iankaselaradja
Ibnu Jamil,ibnujamilo
Ibrahim Risyad,ibrhmrsyd
Ifan Fajarsyah,ifanseventeen
Ify Alyssa,ifyalyssa
Igor Saykoji,p/BkPjWQqDeCz
Iis Dahlia,isdadahlia
Iko Uwais,iko.uwais
Imam Darto,imamdarto
Immanuel Caesar Hito,hitocaesar
Indra Bekti,indrabekti
Indra Brotolaras,indrabrotolaras
Indra Bruggman,indrabruggman
Indra Herlambang,indraherlambang
Indra Lesmana,indralesmana
Indra Sinaga,ipesinaga
Indro Warkop,indrowarkop_asli
Indy Barends,indybarends
Inneke Koesherawati,inekekoes
Intan Nuraini,intan_nuraini23
Inul Daratista,inul.d
Iqbaal Ramadhan,iqbaal.e
Irish Bella,_irishbella_
Irsyadillah,irsyat/p/BoQhrqjn_pq
Irwansyah,irwansyah_15
Isyana Sarasvati,isyanasarasvati
Iwa K,iwaktherockfish
Ivan Gunawan,ivan_gunawan
Iwan Fals,iwanfals
Irfan Hakim,irfanhakim75
Irvan Farhad,defarhad
Irvan Setiadi Kartawiria ,Not Found
Indah Nada Puspita,indahnadapuspita
Indra Gunawan (indra jegel),p/Btj-Z_DBDkd
Indra Frimawan,frimawan_
Ines Putri,inesputrie
Ida Fauziyah,idafauziyahnu
Isyana Bagus Oka,isyanabagoesoka
Imam Nahrawi,Not Found
Idrus Marham,p/BeCl2beh82Y
Ignasius Jonan,ignasius.jonan
Indah Kusuma,indahkus_
Inara Rusli (bexxa),virgoun_
Ilham Ananta,ilhamanantaa
Ira Koesno,irakoesnocom
Imam Priyono,imamtvri
Ihsan Tarore,ihsantarore
Ibrahim Imran,baimphoto
Indra Birowo,explore/tags/indrabirowo
I Gede Ari Astina (Jerinx),Not Found
Inka Christie,explore/tags/inkachristie
Ira Maya Sopha,irams2168
Ifa Isfansyah,isfansyah/p/BqtF5s0ho1I
Icha Anisa,ichaanisaaa
Indira Kalistha,indirakalistha
Ivy Batuta,ivybatuta
Imelda Therinne,p/BmSDx7unQHZ
Ina Marika,ina.marika
Indah Permatasari,indahpermatas
Iis Sugianto,iis.sugianto_
Ika Putri,ika_putri
Ikang Fawzi,ikangfawzi
Jane Shalimar,bukan_lambe_turah/p/BsfHYmzBQFt
Jefan Nathanio,jefannathanio
Jefri Nichols,Not Found
Jennifer Dunn,Not Found
Jeremy Thomas,jeremythomas_jt
Jessica Anastasya,jessicaanastasya20
Jessica Iskandar,inijedar
Joe Taslim,joe_taslim
Joko Widodo,jokowi
Jonathan Christie,jonatanchristieofficial
Jonathan Frizzy,ijonkfrizzy
Joshua Suherman,jojosuherman
Jovial da Lopez,jovialdalopez
Joy Destiny Tiurma tobing ,joydestinytobing
Jihan Fahira,explore/tags/jihanfahira
Julie Estelle,julstelle
Judika Sitohang,jud1ka
Julia Perez,juliaperrezz
Juna Rorimpandey,junarorimpandeyofficial
Jusuf Kalla,JusufKalla
Jessica Mila,jscmila
Joko Anwar,jokoanwar
Juwita Bahar,p/BesA2WRFZ6_
Jenahara Nasution,jenaharanasution
Jonas Rivanno,explore/tags/jonasrivanno
Junior Liem,putrititian
Jasmine Nadiko,jasminenadiko
Jihan Audy,jihanaudy123_real
Jhon Yewen,p/Bq8i9mJgK1u
Jordi Onsu,jordionsu
Jennifer Coppen,jennifercoppenreal20
Jennifer Bachdim,jenniferbachdim
Joey Alexander,joeyalexandermusic/p/BliiKXKFRky
Jajang C Noer,p/BZMIKqjFcnx
Jeremy Teti,tetijeremy
Jovie Adhiguna Hunter,joviadhiguna
Jennifer Arnelita,jenniferarnelita
Jihane Almira,jihanealmira
Jill Gladys,jill_gladys_
Joanna Alexandra,joannaalexandra
Jason Ranti,jasonranti
Jimly Asshidiqie,jimlyas
Josephine Firmstone,josephinefirmstone
Julian Jacob,julianjacs
Jaja Mihardja,jajamiharja_ofc
Jenita jannet,jenitajanet
Jerome Pollin,jeromepolin
Joanita chatarine,joanitachatari
Jevin Julian,jevinjulian
Jang Hansol (Korea Reomit),hansoljang110
Kadek Devi,kd.devie
Kaesang Pangarep,kaesangp
Kamidia Radisti,kamidiaradisti
Karen Vendela,karbearv
Kartika Yudia,tika_ramlan
Keenan Pearce,keenanpearce
Kemal Pahlevi,kemalpalevi
Kevin Aprilio,kevinaprilio
Kevin Julio,kjjm_tgr
Khalid Basalamah,khalidbasalamahofficial
Khoirunisa (Nissa Sabyan),nissa_sabyan
Kiki Amalia,kikiamaliaworld
Kimmy Jayanti,kimmyjayanti
Kunto Aji ,kuntoajiw
Kris Dayanti,krisdayanti_style
Kriss Hatta,krisshatta07
Kevin Sanjaya ,kevin_sanjaya
kevin anggara,kevinchocs
Kevin Julio Chandra,kevingealovers
Kevin Liliana,kevinlln
Karin Novilda,awkarin
Karin Novilda,Not Found
Kesha Ratuliu,kesharatuliu05
Kabul Basuki (Tessy),p/BprqkiNBN4T
Kimberly Ryder,kimbrlyryder
Kintan Mary,kintaanmary
Kelly Tandiono,kelly_tandiono
Kevin Joanito Gea,galerykevingea
Kesha Ratuliu,kesharatuliu05
karina Nadila,karinadila8921
Keshya Valerie,keshyavlr
Kris Monte,kris.monte
Kevin Hillers,kevinhiller
Kiara Leswara,kiaraleswara
Kadir,d_kadoor
Kamila Andini,kamilandini
Kimo Stamboel,kimostamboel
Kinaryosih,kinaryosihmoney
Kaditha Ayu,kadithaayuu
Keira Shabira,keirashabira
Kia Poetri,kia_poetri
Kirana Larasari,kiranalarasati
Kezia Karamoy,itskeziakaramoy
Kevin Hendrawan,ykhendrawan
Krisna Pratiwi,ninakpw
Kahiyang Ayu,ayanggkahiyang
Kiki Farrel,kikifarrel_
Karina Salim,karinasalim
Kamasean Mathews,kamasean
Krisdayanti,krisdayantilemos
Kezia Roslin Cikita Warouw,keziawarouw
Kimberley Fransa Salim,kimberley_fransa.salim
Kerenina Sunny Halim,kerenina_sunny
Laudya Cynthia Bella,laudyacynthiabella
Laura Basuki,laurabas
Laura Theux,laura_theux
Leon Dozan,leonkikey0127
Lia Waode,liawaode
Lian Firman,lianfirman
Lidya Kandou,pariwaraindonesia/p/Bqi8-AAgf9O
Lies Hartono,lieshar
Liliyana Natsir,natsirliliyana
Lionil Hendrik,onfire_lionil
Lucinta Luna,lucintaluna
Lukman Sardi,lukmansrd
Lulu Tobing,explore/tags/lulutobing
Luna Maya,lunamaya
Larissa Chou,larissachou
Linka Angelia,linkangelia
Lulu Elhasbu,luluelhasbu
Lindswell Kwok,lindswell_k
Liem Swie King,p/BfuhzLNhte-
Lucky Perdana,_luckyperdana
Luthfi Aulia,luthfiaulia
Luhut Pandjaitan,p/Bw4MtlFFKA_
Luthfi Hasan,luthfihasan_
Lukman Hakim Saifuddin,lukmansaifuddin
Lalu Muhammad Zohri,lalumuhzohri
Lea Simanjuntak,lea_simanjuntak
Laela Rachmawati,laela_rachmawati
Lucky Hakim,luckyhakimofficial
Linda Kayhz,lindakayhz
Lizzie Parra,bylizzieparra
Lily Zhen,lilyzhen168
Lola Amaria,lola.amaria
Livi Zheng,Not Found
Lala Karmela,lalakarmela
Lana Nitibaskara,p/BL8sgFWAGF0
Lolita Agustine,lolitagustine
Luthya Sury,luthyasury
Leony Vitria Hartanti,leonyvh
Kresna Julio,kresnajulio
Louise Anastasya ,louiseans
Lula Lahfah,lulalahfah
Lutesha,kebunmemori
Lifia Laeticia,lifia_laeticia_spam
Lee jeong Hoon,leejeonghoon
Limbad,limbadindonesia
Mahfud MD,mohmahfudmd
Maia Estianty,maiaestiantyreal
Manohara Odelia Pinot,Not Found
Maudy Ayunda,maudyayunda
Marcel Chandrawinata,marcelchandra
Marcelino Refrand,marcelinolefrandt
Marcell Siahaan,marcellsiahaans
Marcella Zalianty,marcella.zalianty
Marcell Darwin,marcelldarwin
Marcello Tahitoe,marcello_tahitoe
Maria Simorangkir,mariasmrngkr
Mario Ginanjar,marioginan7ar
Mario Irwinsyah,marioirwinsyah
Mario Latawata,lawalata13
Mario Teguh,marioteguh
Marion Jola,lalamarionmj
Marissa Anita,Not Found
Marsha Aruan,aruanmarsha
Marsha Tengker,cacatengker
Marsha Timothy,marshatimothy
Marshanda,explore/tags/marshanda
Maudy Koesnaedi,maudykoesnaedi
Maya Septa,mayaseptha7
Megan Domani,megandomani1410
Meidian Maladi,meidian_maladi
Melly goeslaw,melly_goeslaw
Meriam Belina,bellinamer
Merry Riana,merryriana
Michael Prabawa Mohede,p/BVqOSijnf6l
Michella Putri,michellalemieux
Michelle Joan,michellejoan_
Michelle Ziudith,michelleziu
Millen Cyrus,millencyrus
Mike Lewis,mike_lewis
Mikha Tambayong ,miktambayong
Monita Tahalea,monitatahalea
Morgan Oey,morganoey
Muhammad Attamimi Halilintar,atta_halilintar_01
Muhammad Azis,azissss_
Muhammad Devirzha,virzhaofficial
Muhammad Ihsan Tarore,ihsantarore
Muhammad Tulus,tulusm
Mulan Jameela,mulanjameela1
Muhammad Sulaeman Harsono (Bolot),Not Found
Mandra Naih,mandra_ys
Muhammad Rinko Safinka,Not Found
Muhammad Reza Anugrah,mrezanugrah
Melanie Ricardo,melaney_ricardo
Maria Selena,mariaselena_
M Pradana Budiarto (ditto) ,dittopercussion
muhammad Alphiandi,Not Found
Mega Iskanti,megaiskanti
Megawati Soekarnoputri,megawati.soekarnoputri
Muhammad Putra Setia,mputrasetia
Munira Agile,miraagile
Muhammad Al Jufri,naimmaljufri
Muhammad Fajar Nugraha,fajar_nugra
Muhadkly Acho,muhadkly
Marcel Chandrawinata,marcelchandra
Misha Chandrawinata,mischach
Marco Ivanos,marcoivanos12
Mark Sungkar,marksungkar
Maxime Bouttier,bouttier_maxime/tagged
Medina Zein,medinazein
Mira Lesmana,mirles
M Rian Ardianto,rianardianto
Melody Nurramdhani Laksani,melodylaksani92
Mathias Muchus,mathias_muchus
Mamiek Prakoso,indra_fathan/p/BdnO0-sDYr0
Mikhayla zalindra Bakrie,ramadhaniabakrie
Miller Ali (Miller Khan),miller_khan
Muhadjir Effendy,muhadjir_effendy
Mentari Novel,mentarinovel
Mayang Naomi,Not Found
Muhammad Romahurmuziy,p/BmOGQh8AZpW
Mona Ratuliu,monaratuliu
Mat Solar,Not Found
Mikha Angelo,mikha97
Muhammad Arsy Widianto,arsywidianto
Mytha Lestari,mytha_lestari
Misellia Ikwan,misellia_
Meisandria Guitara,p/BdWbU6ShRb9
Mamat Alkatiri,mamat_alkatiri
Meutya Hafid,meutya_hafid
Mayfree Syari,mayfreesyari
Mandala Shoji,mandala_abadi_shoji
Marthino Lio,MarthinoLio
Maruli Tampubolon,marulitampubolon777
Melvin Lim,melvinlim
Miqdad Addausy,miqdadsy
Mudy Taylor,mudytaylor
Muhadkly Acho,muhadkly
Masayu Clara,masayuclara
Zainul Majdi (Tuan Guru Bajang),tuangurubajang
Mawar Eva De Jongh,mawar_eva
Marzuki Mohammad,killthedj
Mieke Amalia,mieke_amalia
Marcella Febrianne H,cindercella
Mouly Surya,moulysurya
Marini Zumarnis,marinizumarnisreal
Mat Drajat,matt_drajatreal
Maria Calista,mariacalista92
Monita Lin,Not Found
Marissa Nasution,marissaln
Meisya Siregar,meisya__siregar
Michael Tjandra,mrtjandra
Marsha Natika,marshanatika
Martina Tesela,martinatesela
Masayu Anastasia,masayuanastasia
Meitha Thamrin,Not Found
Melanie Putria,melanieputria
Melayu Nicole,melayunicole
Melayu Prima,primprima_
Metha Yunatria,methayuna
Metta Permadi,mettapermadi89
Meyda Sefira,sefirameyda
Michella Adlen,michelladlen/tagged
Moonella Sunshine Jo,babymoonella
Merry Inggriany,itsmerry91
Muhammad Rizky Billar,rizkybillar
Marsson Starlight Jo,little.marsson
Maizura,maiiizura
Manoj Punjabi,manojpunjabimd
Mayesa Hafsah Kirana,kirana_lovers
Mada Emmanuel Brahmantyo,Madaemmanuelle
Mentari De Marelle,mentaridemarelle
Malvin Saputra,malvirstalways
Maria Harfanti,mariaharfanti
Nabila Syakieb,nsyakieb85
Nabilah Ratna Ayu Azalia,nblh.ayu
Nadila Ernesta,Not Found
Nadine Chandrawinata,nadinelist
Nafa Urbach,nafaurbach
Nagita Slavina,raffinagita1717
Najwa Shihab,najwashihab
Nana Mirdad,nanamirdad_
Naomi Zaskia,naonomnom
Narova Morina,therealmomogeisha
Nassar Fahad,nassarholic_real
Nasreen judge,p/BVwiZ6wF0_G
Natasha Ryder,natasharyder
Naysila Mirdad,naymirdad
Nia Daniaty,niadaniatynew
Nia Ramadhani,ramadhaniabakrie
Nia Zulkarnaen,alenia259/p/BCdJFbjRLvT
Nicholas Saputra,nicholassaputra
Nicky Astria,nikki_nick04
Nicky Tirta,nickytirta
Nikita Mirzani,nikitamirzanimawardi_17
Nikita Willy,Not Found
Nina Zatulini,ninazatulini22
Nino Fernandez,ninojkt
Nirina Zubir,nirinazubir_
Novita Angie,novitaangie
Nycta Gina,missnyctagina
Nowela Elizabeth Auparay ,mikhelia
Natasha Rizky,natasharizkynew
Natasha Wilona,natashawilona12
Nasrullah (Mat Solar),p/BnyJE_2HHi8
Nani Widjaja,naniwidjaja05
Nuri Maulida,nurimaulida
Nurul Arifin,na_nurularifin
Nury Zhafira,p/BeoierhFtwr
Nycta Gina,missnyctagina
Nabila Gardena,nabilagardena
Nisma Bahanan,nismabahanan
Nisya Saadia Ifat,nissyaa
Nadiem Makariem,Not Found
Nina Zatulini,ninazatulini22
Nimaz Dewantary,nimazdewantary
Nila Moeloek,p/_dbo3PDM1v
Novel Baswedan,explore/tags/novelbaswedan
Neno Warisman,explore/tags/nenowarisman
Nora Alexandra,Not Found
Nitya Shamdasani,nshamdasani
Nabiela Piguna,Not Found
Nadiya Rawil,nadiyarawil
Nadia Soekarno,nadiasoekarno
Naufal Samudra,itsnaufalsamudra
Nabila Putri,nabilabylla
Natasha Farani,natashafarani
Nia Dinata,ibunia
Nessie Judge,nessiejudge
Nadya Aqilla,nadyaaqilla
Nadya Hutagalung,nadyahutagalung
Naya Anindita,nayaanindita
Nanda Arsyinta,nandaarsynt
Nadira Adnan,tengkunadiraadn
Natasha Vinski,natashavinski
Niluh Djelantik,niluhdjelantik
Nasya Marcella,nasyamarcella
Natasha Chairani,na.natasha
Nastusha Oliva Alinskie ,nastusha.olivia.alinskie
Nashwa Zahira,nashwaaaz
Niko Al Hakim,okintph
Nabila Hatifa,nabilahatifa
Nadya Fricella,iselfricella
Nikki Frazetta,nikki_fz
Nella Kharisma,nellakharisma
Oka Antara,oks_antara
Okan Cornelius,okankornelius
Oki Setiana Dewi,okisetianadewi
Okky Lukman,okidatanglagi
Olivia Zalianty,oliviazaliantyamran
Olla Ramlan,ollaramlanaufar
Onadio Leonardo,onadioleonardo_official
Once Mekel,oncemekelofficial
Oki Setiana Dewi,okisetianadewi
Osvaldo Rio,osvldrio
Opie Kumis,opiekumis17
Olivia Jensen,oliviajensen
Oni syahrial,syahrialony
Opick,explore/tags/opick
Olivia Lazuardy,olivialazuardy
Oline Mendeng,olinemendeng
Ochi Rosdiana,ochi24
Oded Danial,mangoded_md
Oxcel,oxyofficial
Pablo Benua,p/Bz7L0FLg_IY
Pandji Pragiwaksono,pandji.pragiwaksono
Paramita Rusady,paramitha118
Patricia Gouw,patriciagouw
Paula Verhouven,paula_verhoeven
Pevita Pearce,pevpearce
Poppy Sovia,popsovia
Prabowo Subianto,prabowo
Primus Yustisio,primusyustisio17
Prisia Nasution,prisia
Putri Marino,putrimarino
Putri Titian,putrititian
Prilly Latuconsina,prillylatuconsina96
Putra Aria Abu Jafar (Putra Uma),putrauma
Putry Delina Andriany Sutisna,putdevers_palopo
Puadin Redi,puadinredi
Puan Maharani,explore/tags/puanmaharani
Putu Bahagiana,putubahagiana
Pratikno,anisafhanum
Pramono Edhie,p/Bw1skIRgapV
Partika Subagyo,kopral_bagyo
Patricia Devina,pattdevdex
Patricia Yora,patriciayora
Putri Ayu,iamputriayu
Petra Sihombing,petra_sihombing
Pongki Barata,pongki_barata
Paulus Partohap,partohaps
Peggy Melati Sukma,explore/tags/peggymelatisukma
Pong Harjatmo,p/Bb_7kUuAMrf
Pingkan Mambo,pinkan_mambo
Pamela Bowie,pammybowie
Poppy Bunga,poppybungariphat
Putri Anne,putrianne186
Putri Ayudya,putriayudya
Putri Una,putriuna
Pipik Dian Irawati,_ummi_pipik_
Pandu Winoto,panduwinoto13
Pidi Baiq,pidibaiq
Qausar Harta,qausarhy
Qori Sandioriva,qorysandioriva
Rachel Amanda,rach.amanda
Rafael Landry Tanubrata,rafaell_tan
Raffi Ahmad,raffinagita1717
Rahma Azhari,raazharita
Raisa,raisa6690
Raline Shah,ralineshah
Ramzi Geys,ramzi_thebe
Randy Pangalila,randpunk
Ray Sahetapy,vjray07
Rayi Putra,rayiputra26
Rebbeca Tamara,rebeccatamara
Reggy Prabowo,_milovers_
Regina Ivanova Polapa ,ivanova.regina
Reino Barack,reinobarack
Revalina S Temat,vatemat
Revand Narya,revmoge
Revi Mariska,dhe2re_mariska
Rey Utami,reyutami
Reza Artamevia,rezaartameviaofficial
Reza Oktovian,rapyourbae
Reza Rahadian,Not Found
Rezky Aditya,explore/tags/rezkyaditya
Ria Sukma Wijaya,riasukmawijaya
Ria Yunita,inx_moet
Riafinola Infani Sari,riafinola
Rianti Cartwright,riantic
Ricky Harun,rickyharun
Ricky Perdana,rickyperdana06
Ridho Rhoma,explore/tags/ridhorhoma
Ridwan Kamil,ridwankamil
Rina Nose,rinanose16
Ringgo Agus,ringgoagus
Rinni Wulandari,rinni_w
Rio Dewanto,riodewanto
Rio Febrian,riofebrian25
Rio Haryanto,rharyantoracing
Ririn Dwi Arianti,ririndwiariyanti
Risty Tagor,ristytagor
Rizky Febian ,rizkyfbian
Rizky Nazar,explore/tags/rizkynazar
Rocky Gerung,rockygerung.note
Romy Rafael,romyrafaelmind
Roger Danuarta,rogerojey
Rosiana Silalahi,p/BeAncruj1z8
Roy Marten,Not Found
Rossa Handayani,itsrossa910
Ruben Onsu,ruben_onsu
Rinrin Marinka,rinrinmarinka
Ruth Sahanaya,mamauthe
Rini Fatimah (Syahrini),princessyahrini
Risa Saraswati,risa_saraswati
Rano Karno,si.rano
Rieke Diah Pitaloka,riekediahp
Ronal Surapradja,rocknal
Rony Antonius ,roniantoniusginting7074
Roy Kiyoshi,roykiyoshi
Ririn Dwi Ariyanti,ririndwiariyanti
Rianti Cartwright,riantic
Ryan Delon,tail_wagging
Randy Pangalila,randpunk
Resti Surtika (Aci Resti),p/BJPczkSD_Of
Rachel Vennya,rachelvennya
Randy Martin,randymartinnn
Ranty Maria,rantymaria
Rara Febtarina,febtarinar
Raul Lemos,raullemos06
Rezky Aditya,explore/tags/rezkyaditya
Ria Miranda,riamiranda
Richard Kyle,richo_kyle
Ricky Cuaca,rickycuaca
Rieta Amilia Beta,rieta_amilia
Rifka Martha,rifka_martha
Rizky Alatas,rizkyalatas
Rizky Kinos,kinosnoski
Risty Tagor,ristytagor
Riri Riza,ririza89
Ria Ricis,riaricis1795
Rifky Balweel,rifkybalweel
Rachman Avri,rachmanavri
Renny Sutiyoso,rennysutiyoso
Rudy Salim,_rudysalim
Retno Lestari,_retnoo_
Rudiantara,explore/tags/rudiantara
Ryamizard Ryacudu,p/BpqdpD4g5FG
Rachel Octavia,racheloctavia19
Rudi Rubiandini,Not Found
Raja Juli Antoni,rajaantoni
Roy Suryo,roysuryo
Ryana Dea,ryana_dea
Rangga Dewamoela,ranggamoela
Rini Seomarno,kementerianbumn/p/BfdUIrUg5sz
Rian Ernest,rianernest
Rizal Ramli,rizalramli.official
Reuben Nathaniel,reu_nathaniel
Rahmania Astrini,rahmaniaastrini
Reynold Lawalata,abdurarsyad/p/BiqqD2LhaRE
Randy Kjaernett,rendykjaernett1
Rendy Septino,rndyseptino
Rachel Goddard,rachgoddard
Rani Ramadhany,raniramadhany
Rhoma Irama,rhoma_official
Rian Ekky Pradipta,rianekkypradipta
Rich Brian,brianimanuel
Rieke Roslan,rieka.roslan
Rina Gunawan,rinagunawan28
Rizky Hanggono,Not Found
Rizal Mantovani,rizalmantovani
Rudi Soedjarwo,rudisoedjarwo
Rima Melati,rimamelati
Rudy Wowor,wowor1382
Ranty Purnamasari,irantypurnamasari
Ratna Galih,ratnagalih
Robby Purba,robbypurba
Renata Kusmanto,renata711
Ria Sarwono,ria.sarwono
Rachel Maryam,rachelmaryams
Rachquel Nesia,rachquelnes
Rahayu Saraswati,rahayusaraswati
Rebecca Kloper,rklopperr
Rina Diana,explore/tags/rinadiana
Raquel Katie,raquelklarkin
Riza Syah,rizasyah_14
Ria Enes,ria_nsuzan
Raditya Dika,raditya_dika
Rafi Sanjaya,mrfsnjy
Ridho Ilahi,ridhoillahireal
Riza Shahab,rizashahab
Rangga Azof,azofrangga
Rosiana Dewi,rsn.dw
Rayn Wijaya,Not Found
Rini Wulandari,rinni_w
Raisya Olfat,raisyaa_2151
Ridwan Hafidz,ridwanhafidzzz
Sabai Morscheck,sabaidieter
Sabrang Mowo,p/BJVnZ6xgrN6
Sabrina Sameh,sabrinasameh
Sahila Hisyam,sahilahisyam
Sahrul Gunawan,sahrulgunawanofficial
Salmafina,salmafinasunan
Salshabilla Adriani,salshabillaadr
Said Aqil Siradj,p/Bcx-tHeH_2H
Saipul Jamil,Not Found
Samijan,explore/tags/samijan
Sammy Simorangkir,sammysimorangkir
Samuel Rizal,samuelrizal1
Samuel Zylgwyn,Not Found
Sandiaga  Uno,sandiuno
Sandra Dewi,sandradewi88
Sandy Sandoro,sandhysondoro_official
Sandy Tumiwa,sandy_tumiwa82
Sarah Azhari,sazarita
Sarah Sechan,Not Found
Sarah Wijayanto,sarawijayanto
Sarita Abdul Mukti,queen_saritaabdulmukti
Sarwendah Tan,sarwendah29
Seto Mulyadi,Not Found
Shafa Harris,shafaharris
Shaloom Razade,sharazaaa
Shandy Aulia,shandyaulia
Sharrena Gunawan,mrssharena
Shawn Adrian,unofficial_shawners
Sheila Marcia,itssheilamj
Sherina,sherinasinna
Sheryl Sheinafia,sherylsheinafia
Sheza Idris,shezaidris
Shezy Idris,shezaidris
Shireen Sungkar,shireensungkar
Sigit Purnomo,pashaungu
Sissy Priscillia,sysiio
Sivia Azizah,siviazizah
Soimah Pancawati,showimah
Soleh Solihun,solehsolihun
Sonya Pandarmawan,sonyapan
Sophia Latjuba,sophia_latjuba88
Sri Mulyani Indrawati,smindrawati
Stefan Wiliam,stefannwilliam
Steffi Zamora,steffizamoraaa
Stephanie Poetri,stephaniepoetri
Stuart Collin,p/BsewT2JnTiO
Sunarji,explore/tags/sunarji
Sujiwo Tejo ,president_jancukers
Surkianih (Zaskia Gotik),zaskia_gotix
Surya Saputra,suryasaputra507
Susi Pudjiastuti,susipudjiastuti115
Susi Susanti,susysusantiofficial
Susilo Bambang Yudhoyono,Not Found
Syahbudin Syukur (Budi Doremi),anekasarirasa/p/Bs1wITTBEy4
Syahnaz Sadiqah,syahnazs
Syifa Hadju,syifahadjureal
Sigit Purnomo (Pasha),p/BpB7RtEnPO7
Soimah Pancawati,showimah
Silvia Damayanti (kamaya),Not Found
Shandy Aulia,shandyaulia
Steve Emanuel,steven.emanuel6
Sunan Kalijaga,salmafinasunan
Sylvia Fully,sylvia_fully88
Sozanolo Krisnanjaya Harefa,Not Found
Sonia Fergina,soniafergina
Sari Endah Pratiwi,saritiw
Shirin Al Athrus,shireeenz
Sinta Sri Antan,sin.sr
Siti Badriah,sitibadriahh
Suci Utami,ucikurcaci
Setya Novanto,explore/tags/setyanovanto
Suhay Salim,suhaysalim
Syanindita Trasysty Syswanto,strasysty
Sutiyoso,h_sutiyoso
Sutan Pinayungan Simatupang ,ofc.sutansimatupang_
Sahira Anjani,sahiraanjani
Shafira Umm,shafiraumm
Siti Nurbaya Bakar,siti.nurbayabakar
Sofyan Djalil,sofyan.djalil
Saleh Husin,menterisaleh
Sohibul Iman,msi.sohibuliman
Salim Segaf,salimsegafaljufri
Suryadharma Ali,p/BerDr4bAwrY
Sudirman Said,sudirmansa1d
Sisilia Ora,Not Found
Sharena Gunawan,mrssharena
Shania Junianatha,shanju
Sindy Havresthino,sindyhv
Sarah Tria Monita,sarahtr_monita
Seraldi,abilhaqreychyta
Sadana Agung,sadanaagungs
Sogi Indra Dhuaja,Not Found
Sarah Ayu,sarahayuh_
Sasya Ailee,p/5ykoXIk5gk
Sandhy Sondoro,sandhysondoro_official
Sakdiyah Ma'ruf,Not Found
Slamet Rahardjo,maudykoesnaedi/p/-BM6_YttqA
Siti Hafar Raihaanun,Not Found
Salim A. Fillah,salimafillah
Sheila Dara Aisha,sheiladaisha
Surya Sahetapy,suryasahetapy
Shareefa Daanish,shareefadaanish
Sigi Wimala,sigiwimala
Stefany Talita,stefanytalita
Stephanie Rose P,stephaniewose
Shelomita Diah,shelomitadiah
Sam Brodie,sam_brodie
Syamsir Alam,syamsir11alam
Silvia Halim,tabloidnovaofficial/p/BuLYqiaBGZW
Salvita Decorte,saldecorte
Sandrinna Michelle,sandrinna_skornicki_11
Sarah Shafitri,sarah.safitri
Siti Anizah,anizahanizah
Stevani Nepa,stevaninepa_/tagged
Selena Alesandra,selenalesandra
Sacha Stevenson,Not Found
Sere Kalina,sere.kalina
Sarah Alana Gibson,sarahgibson21
Sharena Delon,Not Found
Sheila Alexander,saxdrs
Shania Salsabila,_shaniasalsabila
Sandra D Lubis ,sandradlubis/p/BfalkCRhcW0
Syakir Daulay,syakirdaulay
Suryadi Ishaq ( Yadi Sembako ),Not Found
Satriaddin Maharinga Djongki (Arie Kriting),Not Found
Tamara Bleszynski,tamarableszynskiofficial
Tamara Geraldine,tamarageraldine74
Tanta Ginting,tantaginting
Tantowi Yahya,explore/tags/tantowiyahya
Tantri Syalindri,tantrisyalindri
Tara Basro,tarabasro
Tarra Budiman,tarrabudiman
Tasya Farasya,tasyafarasya
Tasya Kamila,tasyakamila
Tata Janeta,tatajaneetaofficial
Tatjana Saphira,tatjanasaphira
Taufik Hidayat,taufik_fc
Temmy Rahadi,temmyrahadi99
Tessa Kaunang,explore/tags/tessakaunang
Teuku Wisnu,teukuwisnu
Tia Ivanka,explore/tags/tiaivanka
Tika Bravani,tikabravani
Titania Aurelie Hermansyah,aurelie.hermansyah
Titi Dwi Jayati,tjayanti
Titi Kamal,titi_kamall
Tiwi Prastiwi,tentangtiwi
Tobias Justin,Not Found
Tommy Kurniawan,tommykurniawann
Tommy Lim,_tommylim
Tomy Babap,tomybabap
Tora Sudiro,t_orasudi_ro
Tri Retno Prayudati (Nunung),triretnoprayudati_nunung
Tri Rismaharini,suarasurabayamedia/p/Br1o4vLHamD
Tukul Arwana,tukul_lailatul_qodar
Teuku Adifitrian (Tompi),indozone.id/p/BxHHV3eD3yk
Teuku Rassya,teukurassya
Teuku Rifnu Wikana,rifnuwikana
Tina Toon,explore/tags/tinatoon
Titi Dwi Jayati,tjayanti
Tike Priatnakusumah,p/BceXIJxAvcJ
Tsamara Amany,tsamaradki
Tsania Marwa,tsaniamarwa54
Tyas Mirasih,tyasmirasih
Teza Sumendra,tzupdates
Tasyi Athasyia,tasyiiathasyia
Tommy Kurniawan,tommykurniawann
Tya Ariestya,tya_ariestya
Tontowi Ahmad,tontowiahmad_
twindy Rarasati,twindyrarasati
Tifatul Sembiring,Not Found
Teuku Ryzky,teukuryz
Tjahjo Kumolo,p/Bq6gzhWlChg
Tiara Pangestika,tiarapangestika
Titiek Puspa,pariwaraindonesia/p/BpI1UeCAAXF
Tika Panggabean,botikapanggabean
Toto Muryadi,p/Bfz5vRegkeb
Timo Tjahjanto,timobros
Tissa Biani,tissabiani
Tio Pakusadewo,pksdw63
Tommy Tjokro,tom_tjok
Titi Rajo Bintang,titirajobintang
Tamara Tyasmara,tamarapotret
Tiara Westlake,Not Found
Tya Arifin,tyaarifinnw
Titan Tyra,titantyra
Tito Karnavian,explore/tags/titokarnavian
Triawan Munaf,triawanmunaf
Talita Latif,thalitalatief
Umay Shahab,umayshahab
Usama,usaamahsiddique
Ussy Sulistiawati,ussypratama
Uya Kuya,king_uyakuya
Uli Auliani,uliauliani10
Upi Avianto,p/Bb4wa49g2rE
Usnan Batubara (Ucok Baba),Not Found
Vanessa Angel,vanessaangelofficial
Vanesha Prescilla,vaneshaass
Vebby Palwinta,vebbypalwinta
Velove Vexia,vaelovexia
Venna Melinda,vennamelindareal
Verrell Bramasta,bramastavrl
Via Vallen,viavallen
Vicky Prasetyo,vickyprasetyo777
Vidi Aldiano,vidialdiano
Vino G Bastian,vinogbastian__
Vincent Ryan Rompies,vin______cent
Vega Darwanti,vegadarwanti123
Vicky Nitinegoro,vickynit13
Vania Fitryanti Herlambang,vannizzer_ofc
Vivi Zubedi,vivizubedi
Valerie Krasnadewi,valerie.twns
Veronika Krasnasari,veronika.twns
Vincent Raditya,vincentraditya
Volland Volt,Not Found
Virgoun Putra Tambunan,virgoun_
Vonny Cornelia,p/BcBa3rogjVB
Vennya Adisuryo,vennyadisuryo
Virnie Ismail,virnie_ismail
Vindy Harfrida,inivindy
Vinna Gracia,vinnagracia
Verdi Solaiman,verdisolaiman
Vina Panduwinata,explore/tags/vinapanduwinata
Valerie Thomas,valerieethomas
Vanya Qinthara,minyo33
Valerie Tifanka,valtifanka
Vinessa Ladiatry Lileka,vinessainez
Verdy Bhawanta,verdy_bhawanta
Vikri Rasta,p/BllSf-aFkYr
Vania Athabina,vennamelindareal
vania larissa,vanialarissaphoto
Wendy Armoko,Not Found
Widi Mulia,widimulia
Widy Soediro N,_widikidiw_
Wijaya Saputra,jaysforeal
Wiranto,explore/tags/wiranto
Wulan Guritno,wulanguritno
Wilson Simon Maiseka ,p/BpbpjpMlAlC
Wilda Octaviana Situngkir,situngkirwilda
Wishnutama,wishnutama
Wewey Wita,w2y_wita
Wildan Delta (Kiwil),kiwil.ks82
Widyawati,phandya
Winda Viska,winda.viska
Whulandary Herman,whulandary
WIlliam Tanuwijaya,williamtan82
Wirda Mansyur,wirda_mansur
Wafda Saifan,wafda90
Winky Wiryawan,winkywiryawan912
Willy Dozan,willydozan777
Wanda  Hamidah,explore/tags/wandahamidah
Yama Carlos,yamacarlos7
Yasmine Wildblood,yaswildblood
Yayan Ruhian,yayanruhian
Yeslin Wang,yeslinwang
Young Lex,young_lex18
Yovie Widianto,ywpiano
Yuanita Christiani,yuanitachrist
Yura Yunita,yurayunita
Yusril Ihza Mahendra,yusrilihzamhd
Yusuf Mansyur,yusufmansurnew
Yuni Shara,yunishara36
Yuki Kato,yukikt
Yasonna Laoly,yasonna.laoly
Yoga Saputra (olga) ,makvhera
Yoriko Angeline,yorikooangln_
Yeshua Abraham,yeshua_abraham
Yoga Arizona,yogaarizona
Yenny Wahid,yennywahid
Yasa Paramita Singgih,yasasinggih
Yandy Laurens,yndlaurens
Yafi Tesa ,Not Found
Yadi Timo,t_orasudi_ro/p/BGI-tpPwGJw
Yayu Unru,yayuunru
Yoga Pratama,yoga.prtm
Yogi Finanda,Not Found
Yogie Tan,yogie.tan
Yusuf Mahardika,mahardikayusuf
Yoshi Sudarso,yoshi_sudarso
Yosi Mokalu,Not Found
Yasmin Safira Napper,Not Found
Yuka Tamada,p/-Dj7ROIZb1
Zack Lee,zackleelife77
Zaskia Adya Mecca,zaskiadyamecca
Zaskia Sungkar ,zaskiasungkar15
Zee zee Shahab,zeezeeshahab
Zumi Zola,gmpzo
Zahratul Jannah,zahratuljannah
Zulkifli Hasan,zul.hasan
Zoe Abbas Jackson,zoeabbasjackson
Zulfa Maharani,zulfamaharani
Zivanna Letisha,Not Found
Zacky Zimah,p/BbZnaD8gY8A
Zainal Abidin,ustadzainalabidin
Zhavanya Meidi,zhavanyameidi
Nikita Mirzani,nikitamirzanimawardi_17
Nikita Willy,nikitawillyofficial94
Nina Zatulini,ninazatulini22
Nino Fernandez,ninojkt
Nirina Zubir,nirinazubir_
Novita Angie,novitaangie
Nycta Gina,missnyctagina
Nowela Elizabeth Auparay ,mikhelia
Natasha Rizky,natasharizkynew
Natasha Wilona,natashawilona12
Nasrullah (Mat Solar),p/BnyJE_2HHi8
Nani Widjaja,naniwidjaja888
Nuri Maulida,nurimaulida
Nurul Arifin,na_nurularifin
Nury Zhafira,p/BeoierhFtwr
Nycta Gina,missnyctagina
Nabila Gardena,nabilagardena
Nisma Bahanan,nismabahanan
Nisya Saadia Ifat,nissyaa
Nadiem Makariem,gnfi/p/Bb9dJ6ehbRF
Nina Zatulini,ninazatulini22
Nimaz Dewantary,nimazdewantary
Nila Moeloek,p/BvQj0tEB393
Novel Baswedan,explore/tags/novelbaswedan
Neno Warisman,nenowarismanofficial
Nora Alexandra,ncdpapl
Nitya Shamdasani,nshamdasani
Nabiela Piguna,nabiellas
Nikita Mirzani,nikitamirzanimawardi_17
Nikita Willy,nikitawillyofficial94
Nina Zatulini,ninazatulini22
Nino Fernandez,ninojkt
Nirina Zubir,nirinazubir_
